"id","email","website","zip","logo"
"base.main_company","contact@mekomsolutions.com","http://crudem.org","MA 01056","iVBORw0KGgoAAAANSUhEUgAAATsAAACMCAYAAAADZA6+AAAABmJLR0QA/wD/AP+gvaeTAAAACXBI
WXMAAC4jAAAuIwF4pT92AAAAB3RJTUUH4wcLCBoQmqwjmgAAIABJREFUeNrsnXlglNX1/j/nnS07
JMOWkAAJE9lcUNxRkcZ917pWa6u1rRXiUq3tt6ut/lqX1qUBW1u3WrVat2pFrRoR3PcgIEImBJhA
2Cb7Nuv5/fG+gUkySSYLKjinjSEz73vfe+97z3Ofc+6550JSkpKUpCQlKUlJSlKSkpSkJCUpSUlK
UpKSlKQkJSlJSUpSkpKUpCQlKUlJSlKSMiiRL7sCRXMX2oB8YG9gJuABJgBuYISAC4iqWdcQ0AT4
gRrAC1QAKwDf2sXzgl/Vjt5UtF8qInsB+wHTgSIgD8gBMgEj5vI2oBHYAqwTWA18qvBZXlXF1uSw
TUpSdiOwK5q78ADgVKAE2AcYGa9i2kulu33eagFeObAIeG/t4nmRLx3gJs9MA44DTgYOBaYBtp5t
0URfx2bgfeBl4IW8qorq5BBOSlK+gmA3ee7CVIXzgB8Ah3RjM8MpHwEPAo+sXTyv/ksAuanA94Cz
gUk7v9FucC1xPk9YmoFXUL0XkVfyqirCyeGclKR8yWA3ee7CdIVLBK4FJukuakiccrcCdwL3rl08
b9sXAXICP1U4H0jp+2rt1v06lNfxEfAnVB/LW7tMk8M6KUn5gsGuaO5CAS4CfoVS/CV6CDcK/F7h
nl1h3m6aPDMHuBG4fNjZqipIwh33AVCaV1XxXnJoJyUpXxDYFc1dOAm4GzhxMMSlF6Y2VCL0NnDF
2sXzlg0j0J0D3I65yDKkl6BDArsdHRIVsz6/ya2qaEsO8aQkZReC3eS5Cy9U+DuQOuzKHwfs+gXG
rhICrlm7eN7CIYKcHfizwI8Y2PN3kcm+s0Osblmm8O28qorlyWGelKTsArArmrvwFuD64VfmYbp+
51rAg8DlaxfPCwwC6IqBJzDDSIadfg6jdAA/yKuq+GdyqCclCXbDB3IpwMPAN7/oBgyIVXVd+FwC
nLF28byGAQDdLOA5zBi53UAUkF/nVVXcmBzuSUmC3dCBzgE8jxlTNjhASpQEdY/YkCGD34cIJ69d
PK/fYN3ayTO/oSajy9lVjG7A9U+4nfrHvLXLfpIc8klJgt1gge7ohSkITwEnDUqBh8HS24F9vZXV
Vxibec8HwMl9hadsmjxzf2ApkLHrgGugndHX9XG/uzWvquKnyWGflK+jDEeYxAPxgE5IbKFBBERk
x+/BILB2PkN6AULpo1Dz84OAJzwld9t7Abq9gGcHAnQ72v2lRb3F7cvrN02eeWVy2CclCXYDN19v
Rjg/npZrP3puswnBUITtje3UbmumdmsrG7c2429oJxxRDGNwwNcV/QaENXMMQxb0ALqimTnAv4GC
4eTOJv5q4kRb1aKuAyPmcdp/16bJM09IDv2kJM3YxIHuPOCxwT40GI5giHDYvuNxZ7poag2Sme6k
dlsrH63ZgmEIRvf4sgR2VQkxmNCXPy+OlWe3G6xZtWU+NTcsjGF1/wAu/iJfiMY1QYd1ZXcDMDuv
qqImqQJDk8JjFmSg6qguL61P9sYeCHZFcxfmAe+iFtsZRCnb6to4o2QvzjlmL2ZMHUOqyw6irKmu
56a73+ad5RvJHZ1BNKq9VlrjYEBffrL+zGqHy87q99Y3XXHT2UfePe+ATzcazksMz773azg0kF0M
g6Si0hXsVAb9hnaWQZd6d+ub5/OqKk7do4CnpOw8kMNBvUCd1eRckALQp6vLS1+PA1YHo3ouyDbQ
TVYXZQHFwErg/ury0mgvQGeg+jbm1sBDq8tLO5KQsueZsbcABX36wvpTSIFwOEJWposJE0aSm5dF
bu4IMrJcBELhnhZbfCu1x/M1Aes2Hmey2Qya6trAMLKOnz3xHl3wp/2iKj81wWJXx8pJt/pLXD9j
3zXZ2StmGyVuO2PklE2TZ16+h43nFNBJiPwekYeBfwI/B81XsPfiHrABIxSuAh6y7lkITEfE2eck
p/okZkKL/SxXR1K+wmIf6A2T5y48Xs39rkPUbyEYjtDeEeqihe3tIaKR6A6f3bARpz5YkgFEDaj1
buc313+D0/bLOdR/y/LnVV3jFB1+rBvYftcBkEPpOaP0Lb/aVDTzxby1Fev3hMFcXV76D+Afk45Z
UCYw3/r4auvz3u55B3hnUknZucDj1scPV5eXfrsfFnkPcCZwhvXRfwpLyp6oLi89JwkrewizU+X/
dacIAonRK+36WyzWpDE0ThDr88EvY0ocFhmr99qtTs5UB+s+28JJx03hhp9+g+grL9L2xNP5tvHj
7YTDA2xcAqg0SKDrc9GnW5maWI3yEHO72x7lm1H1x5gGCSV0FZF6IGIxa38/QHc38G1gr+ry0mer
y0ufBaYCRxSWlD2QhJU9AOyK5i68DGHWQEzH3lBIZCewiXQz4zpNR00MzAYLOwA2p40tmxoZmeJg
wV8uBEJsvvo61O7AyMgcwNOHj6l9EYZzjFyzafLMyXvYuI6ZoSSxLDfmjNvpKY32c/VzwITq8tLK
GIa42jJnHy8sKbMnoWX3N2Mv6tuM2qmtvXIzBcMmdATDBEIRVJVwOIrdbuKu3S60N3cQCUUw7AYa
ivQop/NRA+BSvUokHKFufQN/vPV0Ckca1P/iF4Q++xzX1IPRcGDn0m4Xahjns4RXSxMJF4ljd++6
bbZO4MfAvD1tcFtdFkzw2nYxQdKu/Yys6vLSlwpLyg4rLCm7FhgPpCk0WCC4qLq8NBKHDe6LyCGo
rgMCmKFMGRbh2Ai8WV1eWtftntnADIVKgQjmkQXrqstLX9tRJuwPOBEJABFUt2Gm9R8Dkg5qt/R8
I/Bu92fseNYxC04EllW/On9TL2w2AzgNCClsEPPYhFyQ/1WXz98tVvUTZnZFcxeeCszpS4c7A3gN
QwiFo4RCUcLhrj8INDR34DAMMlPs1DW1k5KyE3NrapspmpiNHaGuvo2IKqFwz3JC4eiOYOTB8CtV
cDptrN/QwIEHT+Tayw4isryClj//BWfuXmgkuNO3Fs8X1sMUHQASqSYAiN0WGHYt1Ttx0+SZo/Yk
S3Znl6mR4A3S9b5eTdjiwpKyD4BnMM8OeR14VSAbeFbBX1hSdlncR6iegJlSfwnwc+BokHNBHgA2
FJaU3VtYUha75zrF8gu+Zt3zbSDdqocbc4vm/Wpu09wP1ZmYQf5vIHIJaDFwGGZm8EWYizA9ZFJJ
2QxUn0T1vD6aHgXGArcJvAs8AkzVHWR4D2J2Aif3q6LWiGlrD+1gbTtMVAUxhI7mCIYqp8+ZzMxp
4zh6dmGXMg6YMY6aTU24HHYWLfFSF4nisBtd6FlUFQMhVZUUl72Lzy9hlDeEUFSJtoe4/orDAWi4
9Xa0pQXJz0KDHSC7KGt8gj67RCBx4C2PSxELMdPlL2TPE2O4rissKTvRApilwNTq8tLYBBJ/LSwp
20vgaeDvhSVl+1SXl14VwwaXFZaUfR84ADNV//ery0vfNstdMMoq93vArMKSsjnV5aVN1eWl5YUl
ZStFZA2qmcBl1eWlVVaRxRY7PHpdeemSncC1YH9B81C91/Ildta9HDgF+E2cph0HpAHHA3f0wmbb
gDsKS8qcwM3A0ury0t1qr3VCYFc0d2Gewrf6UzYF2gNhMlMdnDS7CLvdIBAM7/zSgFAwisthY/qU
0Zx36gzyxnb1ixVNzObsk6cRjkRIS7XT1hHG6bQATUxSlOKyE45EWfJxDe0dYVxO2w7AS9TEdTht
rPdu46hZ+Zx92gyo+JC2p57CnluEhsNxAGmodmS8JeEhlKka498cFjP6uD0U7LYkOAE1oRrEPM0u
HtAdCrwAfIrIMdWvzo/EAYQ1hSULTgR9H7iysKRsQ3V56Z9iLgkB7dbzbDvvm799UknZaQKfYp6w
dw5w3457VFstkzf2mWMQWQZ82I0+2nrR7aeIk5Go8JgFI1G9wPrziMKSslnV5aUf9dFT7dbvbbvb
QEiU2R1lUfY+pSMQoSMY4aITpnPkQRMYNyaDUMxqplhg1dAUYL+9x/UAuk7Jz83ivFP3ZuXnW8ge
kUI0ojv0VBXSUhzUbGwkqsozr3mx27vutugP6GwidHSEaG9oZ/4VcxDAv/Buou1RHBNyTF/dIHxt
AweZIZQ5UDO6/3CXkzdNnjktr6pi1R4GdrcUlpT5rPGrPaceEaAN1ZxOE7EXuc36fWs8oIsBLl9h
SdlCzDT9vy4sKXuyury0M7QnAgStaakLk1xXXrq1sKTsM8tUnN7txRrWb2fM+38HuKj61fmtMYAc
s7bV9WWrudtpaZwqX4Z5Mt8LFus7G/NMk96kU6FteyrYnZ2omaVRJRyNMn36GIoKRg66YgV5WRTk
ZfVecbtBNBK1GF2CoNG5X9Ym1G5sZua+4znteA9srKbtn//BkTsR3bF4NxyuiC8oeWcicXv9V8OG
GSC7R4BdDI9eC6xSGLlzfb/TH7pjAbYVyFc4QuKYs4UlC74BegSwCTMhRH9yP+bhUiMx/dwP9XgV
8V0vnYc0be0xqWnXtBLVr87f1he76r7Iss5cmIi3OPFd4G+IlKP6G+CcwmMW3FL96vyGPsFOdpWP
50sEu8lzF45QmJUo2RCEQCBCILBrT/YLR6IEgpGdCyOJ4IzFDIkqgaZ2Tr38cJxAw4J70HAHRnYO
2tE2TAG/sQb18ANeF1NdBmG+xq/WWZhHUO72EtO0v1aXl76ZgD9uHzEn9RFx3uUh1j8+ry4vbUng
8bXAZ8DhiBzWDezi7gMsLCmbARxsjs4YQNXBxZtKAmOisKTsFKv8e6pfnR8oLCn7FNgX1dmYCxq9
d63ufofYJYLOc+hy9mnvEo2a88nIrJQdfweDYQIB8ycYDNPREaK5NRh3z2usRCJRGpsDBIKRHfd3
/nR2dlamC40qivbUW+kdkJvbQowak8EFp+0LBGh/5kWMNDcaDg7jzgYZRoaYGKseUM3iV+tQ66S0
PQDtdjRwXIJ3ZNP78ZcFPRhXH1JdXqrAemuc5vT3BgtLygowFzZswKnryks/Hxa237+cDyypLi/t
9Nv8zvp9cX9jT5HdbkjYE1CqQyVBBXPYbYQiUbwb6nj1tUrefm+9GW7SRdGE+sZ2Zu0/nmOOLOq1
rPK3qvnok42MHplOJCbGU1VJdTlobA5Qu60Vp8NARBJWfqfTxnpfAyWHTWRa0UiCjz9GyLsae8EU
iLswkeABQLuDudu/jMYMVVi0hwAd9B8gHOe6XqfOgRwg1RHjp4snzYUlZWMtgDkR+Bw4o7q8dFXc
tgwzk5pUUjYeOBp4qrCk7HprEI62vj6+8JgFeb3F3Mku1oYv02e3nyaonw6HQbo4eO2DDXhrGghH
ooTCuiOASQWCbSHyctJobguSYjc44rCepPF/i738b2kVH36ykS0N7TjSnCa573Qu2QwE2FzXQmaG
C+m25azvES1EOkKcccwUAFpfeAUiBuKwQzSaIBQNNzh9sUDXT08dutuD3aCAITY5WI/7/d0YXiKS
boFVbwG3Dkxf4WtAWXV56Yov2Mw/yapjh2W6G5gB2MuBfYBLgZvYg6RPsLNSOc1IlIhEo4rdZpCW
5mL9liZQ6ek7EPCt2YrYhFAwQlSEow6duOPrRa+uYcnb6/hg+WbeX7ONESNSoKOr/0+jigikpzqs
Iar9+7UskGxsbCdtRArHnLo/BBppW7oYY2S2FVMX3SVm41ceGLq+o5l7QqsGzuw02gdTXGXh4ITC
krKi6vLStf34wuzAFMsSeaMXBpli+f8eHzbgTpAFFpYscID+Hri1urz0D93qvgp4GNXTegG73VYV
jH7QPw+Y2IN79EFEoqrYDMhKczEi3UlWmoOsNAeZnT+pDvJzR/Dup5tYs7GR2tpmgsGdTF/sBh+u
2Mybn9QwYfwIMlMdO8rISnOQlepgZIaTrHQnhiH9poLqUm1DaKxvY/+i0UzOtsFb7xFdtxkjyw0a
GUC3dc0RJ19JHU9kXMZdxZ20afLMjN0a6rpurUlJ8K4Mi23FA5xXLB/cKMwYuP5kJuY+2c/F3GER
O1zsA0KMgQywuNms4154tMUqn4jTd09grmAfVHjMguPjVMjeD9DPLCwpO323Aztgry5qowwI17WX
WzQaxZHhAkNwj0zt8v3o7HSa2kOkZzh3pC2PLUfFnBp1IDrf6TyJROnoCHP4ER4MoOmFF81Y5/Q0
JKqDhpddNtUN2Bwb6Ba2uN/nAxN2c2YXO65DCd4TiXmVXVhedXnpVuCP1p9XF5r+rr6k89jKa6vL
S5u71ctm9Xw4wQEWRXfUrc97rIWRzr3AfZ2H/Cugurq81NujjFfnB4EXLVYa57RAtffTr5cB5+52
YKdQNFgPk/RnOQEOu0E4Eu0SEBwIhklJcZiLDjq053RpqGCu5Kpy4IGmLre/9QlGagY9o5K+Mgxl
eL1xiclIEl/B/Kqa5nkxgyfRPb+5MW6dCXGAZAGwwOqb/xSWlO3VC7P5C3ACUFpdXvpCHH2zDZBx
OizfmvQHdoXHLLAhkmZpRdxV4ElmvYvoe7dM566PK6yV4tgRltKbC6ywpGwf4EfAo7udz67HS5fE
VKrf7Vo7XAs6ZL6k8Z4p8a4T2ttD5GSlMG2vMVC3kUj1RmwjctBImD1DErZ3+rs2d3dsfWFJ2Q8w
t0TNjhkVNxaWlJ2GyMLqV+e/EAcgjkL5EehRMR+fUVhStkThWYE7O9OyV5eXlhaWlL0F/B1YWVhS
9izmdq0WzPCskzC3m82pLi9d2q1u+ytcIzutpZsLS8qeAR6sLi/tLdPIMcDlmGniAf5WWFK2sLq8
9Pk4156jqmeJuZoOyPWFx5RNQnm0MxWVVd4CYDwiFxWWlI0D7qsuL22P8eedCPpdy4hKAV4sLCm7
obq89Emrfy+1Lj25sKTsXmCbIhFBJwGnI7IeM1HA7gV2AnmD4QpDigGT4Vf/zvp0BCMUjMlkUn4a
LHqFSP127BOKIBLl6yXS37eFu2nDtgNvAHcj0oh5gNtoYCqqzb3c0wq6CnMj/karc9KAfSTOvtrq
8tLHCkvK/oMZo3Y6IocALaiGFP6fwBPV5aXx0kqlixlecjLQrlAkMK4fXUkHPgHusczsWfS+pS1F
zJXUf1ptykdlMjv3yoLpl1wArER1usab9QQD5BNU71MICswCMQpLyuyIuFC9BeRzhTyBiaAhayVy
O/C6qr69rrzUv9uN+slzF76tO2aK4RV/QzvHHT6JS8/Yl5I5k3E4TIv6rQ99/PSW11hWuZVxozL6
DD4eSNYPEWGtr4FTjvbw3N/OoeUPf6Du5zfh2Gs6DJnZxY6ZRMNSvjKxdfHkzryqimtISlL2IOnP
Z5c5lMKlH1XXXvx5iZY5EAZpCGgwTO4Yc2IMeDeYzZc4pYiCzeiWUUQTbEGiEPyVjkDPTKpGUr5W
YEffWSC+FNGh3KeKO9PyrzY0ITaXCToxOfewGagKUX8DGo6CzdY1M7Fh/XzJwLVrn6hpSdVIytcN
7FL6VCwdpKHWgxRpTyXWBJU6QfTTKIjNxtg8c5EqvLaKaKSByHof0cZmk8m5nEQbm4lu2ICRlUp0
8yai/jokJRXsDrSphciGGiKbNqMtbWb32e0kvDF3l4H+MKzCdqXU6UnVSMrXDey0T1WSxJWyR1By
giFg2luB2juadrdMNarYbILDELJy0qFhC6HttTgmFJNy1GGgISJ1Ddja2nEE2hj51z+SW/kx7sf+
jhgQqW8k2tCEhjpwHXkYjr2nEm2vJ1S1ksjGWrDbEYfD2m72ZQSxDAO4dlkZEvumyTMlqR5J2ZOk
v9ATHThti3+d9lm6DKtexz7LEMGWYqN2eyvBddtxtgcgK4tRDz2Ac+Z+GNluOt57m8YLLiNYvZyU
X/+OjEsvASD19NMJbdpMyxWXkzJ6EunPPozryKPQYIDQ8hW0P7eIlvseJPj5x9hHFmAbN8YMY4kO
5CigrySmJIEuKV87sLMNWR0kke904AZZP+XaDMHmMKira2fr+npyxmbw+9vP5KyTp4DhIGXuN3ba
6occjp54PC/fvYqC8WO7RKGmTRhPLdB49OFMO9IMxRKnC+esWThnzSLz2qto/du9NN95N4HPP8I+
ehK2UWPMdFHRaD8g95XFlHBeVcWAKOrUfX6WquhZgmQr2iF9tM1MySU9/t3X351h37Ljv2r1ovQI
Ce/8rLfvYsvuLGvnPTufomiPMmPL0C739d6e+PfQpXYSd+mte5ld74pXp579qNb2Z+lRt3jP6V7X
Hv2pO02neM/sfn3nY1Ti91X8dxKnjF7GDmbcSwaw8vPlN786FLALDlRLhna8Nb2kNhyAXW4ITqeN
jkCY9au3o6EwP7j4QH559VEU5I3o9b7mYJBtgOPeh+g45URS8gqItjQQXHAvawAJh5kW73lZI8i8
7lrSv/NtGv9wC81/vYeofwv2icVIWioaCsSJ45P+DP0vW9oGcU+mINcoOlWgvi8WK132FksXAKAX
4JMeibYkJmOgxAFG6dbb8VJ37QS4WNjpDUC6g2fPsZ4o0HVe1/Xq3mby+An9JW4didc70rNu8ewK
6aWPurwP6W2S1t7rI/Enu/6e1x/HsfpSgVGKPgoMCexaBwpeOhSEiylA+7xazCQlstMnF4lCMBSh
sTlAa30rhJVDZhVwx2+O47AD+8/MY99Wyyhs1H22km3vv8/oU3OQ5cto/fhjIoBzWy2EI2CPT3aN
0WPIvv1PpF/0LRqu+ykdi98ADIzUHIycEYjTGRPOYvWq6lc1h0T7QG9QdJsgpwniUjQsOwb1Tidt
XzN154FKsWAQb3bXGF4XD1jiqbJ2A6JYEOqL/cVjbj2Vmy7PkW7AF48dxmOB2ic7kx5ATI/+pU+2
1DvzjA/SfQFRPIaoMdDfFzvv5NHd2bXEqYv0ymJ7jD2nIPVDNWObE40Y26U6q2auPDGEaEQJhiJ0
dIRpaw/T0REk2BGBUISUdBfFRTkcfsJUzj5pGnNmT8JhT+xckNTxY5hIhEpNZcujTzH+xONoeey/
SLu5huPIHdMr0MWK84BZjHnlZQJvLqHtqWcIvv0xoc/XoK2NgBNxpiIpLiQtHVwuxOlAbDYgiobC
A3Dj7VJ/X8tAb1i9/BbFPKMhKUnZLX12TbuOzfVTgvWRzRAiUWXthgZCHeEdZy2JGIwZkcpexaPZ
Z9pY9psylpnTxnDgvnmkpzsHXIPUH81n5KNP0N5QS0M4gOHKJBIN0tS8HkdKBlNKr0q8MJuBa85c
XHPmooE2Qh99QvDj5YRWrCSw7FOiGzYS2bLFMm8VJYLYUrBNnIg4bGbG5AF3oQ7nXrvGpGok5WsF
dgJbd81Bzf0Y9bH2VCCC02nn0nNm4rIbuBwG+00bR9HEkeSOySB/XCZ2+zCc6rb33hS++xbhe/5K
iysV3bwJZ3EhmVfO58hLvkfWzMHltBRXGs7DZ+M83NqbHgkTrq0lsqmW8Ib1RD5Zgba1EgU6XngN
bW5BUlMG3mfDuqlYNyZVIylfN2bn29UVMDOfaJe/NSagWDXKNn8b+xSPYt7FB+7aykyZSvHtdxJc
66Wh7HYyL/k+6Z4pw/sMmx17fgH2/AJcBx8MZ5u5IFsfe4TWhx7HcKbvPGD3y5MNSdVIyp4m/e2N
7XeGH/T2LVVsNoORmS7stp3VGJGZgs0mRFVRw066QxkX2cqVl97FMcf+no8/WTesHRDpaKdxxXLq
P/6Ito0+AnV+nEUegocfiVEwiYB/O22+9TStWEHjyuWE21qH7dlRwLdiOatPPo2mCy7DyMpGRmR+
2UAXBtmeVI2kfN3M2DVDUrs+fOhm5myhZnMzH35ai81mYLMLvppGHDYDwzDQaJiQuHCOzmNqRjqL
31jNwQf9nDPPOIjvfncOJ5wwE5t9cGf1aqCdLUuW0F67CcHANW4sHY1+jIZ6nNludOwYav/3Eu0b
a8goLkIMOx1bt9K4ehUutxv3QYdiT0sfJJpEqX7lZWru+ycpT/6HCRGwFe9NxFAIhSyT9EsLON5M
cqEhKXug9JfiaYaayQlTBgxu/YSPhaNRRGEfzyiyMly0dYRJS7Gz3d/G6g11GDab5YYSooYdw27H
SYimzZupXbMOp4bYZ8Z4Dj9sCsedMJO9957A+Lxs7I7+wW97Y4DX73mUmaOViaedhsNthhGHm5ux
Z2biW/wqn5deRfEPf8ik0isJt7XuALZIWytb31xK+0Yf408+HdeYsf33SyhEc20t2z9bwcb/vUzD
6+/gWrGKgnCIcWMmEMoZSSgSRiKR4U/oN3B5L6+q4tCkaiTlawV2RXMXZmMmQ5wxnA9TzODfQChC
a1uIcChihpVEFafDRka6A4fNRjTWnFNFbXbEZsduCJH2Frat20jT1m3YNUxOVgoTJ45mxvR8pk4f
z+jRWYwZncXoUZlkZKaS4nIwMjud1DQnv/r1k8zar4BvXXQkkWgU71//ghGNkn38iaRs3Ejra68S
3W8mte+9z+g5R5I1bW/8b71JcPMmii77Ps7sbLa//QZblrzO5MuuQGwGgQY/0fYAoZYWOrZvo712
O21bt9CwajXNn39GsGod9voGclAK0nNwj8kj7LLTHg6B6heUOkASWVB6NK+q4sKkaiTlawV2FuA9
BZy1Sx4uoCrm9pMYVtj7ObDmdWrYwLDhcDowiNLR2ETz9npaG5oIt7cRbmvDECXFaSc1xUFqqoMU
l5209FS86+uZd/k3uPXm8wH4dP4PeX3h30hDyM7JZWTdJoouuIDCRx+l/MqrWFX2Zya4x9PYuJ3W
cIBpJ53InEVmdu+qe+/nzR9dScbEQrSjg2ggQDTYhrR3YAsFcKFk4iLT4WJkegbZI0biSksnRJT2
YJCoapfzN758UUD+L6+q4uakaiTla+Wzs2T5rgI71Z0AFmv69n78jZj/1yhEooTbTf+WLS2N7MIs
sgENh4mGQ0SCQaKhINFgiFAoRFCVTXXttDU2MXfOVADq120i5+mXOTVrHE3ZYxgbCFCBUIVQCExL
TSMHgzxnBs3jRlDR3sq6F19h2ivljDm2hNy9671NAAAgAElEQVTZsynKcGGrWkd69ijshh1nSjbO
DDtOhx2nzY7DZkNFiABhjRAIduzA9a8W0IG16bEiqRZDE3++J11EOnJ8lZFkb+xeYPdxXJ/cIGnk
sK8zqqLhMBruPNnNAJsdW5oTm8RU1+5E/XXY2xoZlWMei7o0MJq/tR/Ek+HnyU+fQEdGBsEt6Rht
5m4pdxhcpKPZI5goNloiEd7SMIF6c2dK2ugc9h2dRzjSgG3sKDRsju0o5oEBIVUC0UiPbf9fLYjr
4lz1Ax8Mi8IXeByCfF9VTxZkhKKCsA54EeU/7hpvy56oUP58zxTgBVX9O3DzMJSXh/BNlNkIo1Fx
YG6q71DV1QjlKEvdNd66JJz1LYksZb4L1AyHlu7agIqde04lGkYiQSQUhHAIQkGIhEmJBmltasW3
yQSr46c42H7J1fy2rQA+e5/2+gbQIPZMEwwDDqHNZqcjrDR9vhqtXU3BUbMZd8KxAIQ2bqJ501Y6
XE7aIlHaVWlXJaBKWHduRzf4qudM2lG7T/KqKvzDAHQnA+sUXWBNRxViHshyAuaBMO/48z2j9kCg
Owt4H/Oown2GUlZdfvHe/nzPvzHDv36NMFFgG+hqq29dCN9BeQahuq6geH4SzoYIdmsXz9sKrN69
mmUBn+xMoaJRJSPdhcNp5+/3LQHMJeZnbj+ccf9+HN/BR5HVVkcHQVp86+H99wiuWUkoUg+bfNhK
DmXy3//GCS+/iiPLzJ7S8sijRFtbMHJykGh0B9zuYHHDYqbqFwV0AC8Pg8KfhvI8SrYg+7hrvKe4
a7zzc3yVpwPjUV4Qkb1FZJ89DOh+h/AUQhDhPBG5aHDlFBt1BZ6bEV0OfFOEmwSZ4vZ5D8vxec93
13i/7/Z5L3b7vHNQ8oH7ULKAX9btgRPILhvpvUnR3IXXAbd95VvTl5ktNgyipPg3sGJZNfOvPImy
uy7eYXYSCmJs2sS2DTUE1vlwt9QTMQwi6zdASxNtxxxNxtHHkmkBXdOf76DhquuxF85AHHaIxLhn
DIFQGA1FkIxUM1vK7iGH5FVVvD9oNlJQnInyvqJTgSvcNd6/xAGFWSLyvqpe4q7xPrQHgFwG8DjC
SSg3IPze7fOGBlmWIfCYCucAzSjHu2u87yRw3wPAd4Ep7hrvmiSsDd5n1znj37bbAh2ARgjbXYQz
3UyZ3MyCBS+zxruFq+Yfx+EHT2akOwMmTmL0xElwZM/box99yPq7ywjbHIz2bcG4+x5soyciLicE
g11YnIQjSFYGka1+Ilu3Y88dhwYCX34f9C3Lh4HBzwSmWtPo2/EucNd4P/Lne14D9tsj2IJIvqq2
ocMCNLcpnGP9+5JEgM6STrCbCiTBbohgtxp4ix0nrQ+dTupwX5uAkhuRAB3p2aTmwl62Dbzyv/cp
GD+Kik/WMXGCm3HjRkBKKrmuCFMavBjjJ6BTp2EYdrJnHcjIWQdS88ADtF//MzLGT8GWNRINBnqY
q9FIBOrqyLj6u7Q98RLBj97Budd+ZjhNdBeyvKFYzar/y1u7bEjZTlR1fEw9DgWW9QIQd6lqRwJ+
q0NVdL3b560dIEOaDcwVkSxVFUHCKvoBykvuGm9bTPlHqGiqIKtV1QHkI6SjNAGf9eb09+d79gfy
RGQV0CAi1wIT/PmeyYCKSD3K+pyays0J17nAcyQw3zpb5Xl3jfepRO9113iX+gs87wC5/fTLDOAk
hNGAA2WriPwnx1e5qo96HQ3YUD4XJF1FC61skqhqBHNRa627xlsfc89sIAPlMxGxq+o0YLO7xvtx
TF3swBzMBHaVKKkiMkNVP3XXeKvqCoqPtrIsV4lIiqrmi0iqqtYDq9w13oZdAnZrF88LFM1d+PRQ
wW4wuqjDyWJUMYIBOjLcVHsbKL3yMP58+wUAPPrIEs495w7qGpooOWIqL1w1Hdsd82hYvpH22Yfh
vuJ7uI6aS8Ell9DS2oG/9Mc47E4kTsYVsTvQuiY6XlvC6KcfpO7q62l95klcRbMQlwsNdHwVdkp0
l/JhKGN9zDv5ZV1+8Ys5NZU9kgrk+CqfTwCwihR9B/gm8HSCgHGaILeipCisUnSdiISBqSjzEVL8
BZ4L3T7vv80hpEUo8xSdjhBGWYayFWE64PHnF7+L6G1un3dRt0eNBa5SdA5QB7yM0g4YIjJCVc9C
WO4v8Bzu9nk7Euy7K0GcmNmA7xlE319AL6m5/AWescDDgAf4GKUG82zgYxW9yZ/vWQzMd9d4P4+j
Z5MQfoBwqKI+4FVFQygGkItwCspTwNk79VwKVPUK4FBVbUP4EOWObhOeKDoD5VJgL6BDVZeIyI0W
kBYjXAFMU9VW4FNFtyNMA6b58z3lInJTjq9y6bDjT9HchbME3lJwDSdzGw6TTfoCxu6gqEpH1KB5
3QYWPXgRR86dwZrKrZxwwYPUBcI0b9zGKcfN4LHHLuOtq3/PzLt+gQOD7WJj/HNPknLKaURqa9ky
uwSta8UY5e76ZLuNaO020i48g441yzHSMhj73HPUX3MNTXfeiW3kBGzjxkIkHBNfqAMG7WEGy4/y
qiqGnFLGn+9JQViCcrA1oNeq6nnuGu+HgyjruwgPCPJIjq+yX2d/XUHxAlWdBzwtyBU5NZVbupZX
PAXhc1TfdNd4j4x5zhyE11H8wAHuGu+GuvziHITfKToP8/yG7+T4Kh/qVj+rPMLAjFgT1p/vuQCh
zPK5fZRAW/OAtxAmAfWCHJLjq6wcFp9igecolEUIq4Fz3T7v2m7P/h5wrwX233HXeB+N07fHK/oS
SjXCNLfPG4gp/7fAtwXZP8dX2RhT7uGWNdiMsJ/b563u5b2drqr/QahG2cdd422NKeMMhGeAKpSD
3TXeOn+BZyzKTQiXmVmRON1d430ukb5IeBf92sXzPlL435DY2DBaXd0zuSd03KMqOJyEW1txSxMT
JppnyN5z35tUf76J3KkeXC5wBRpJBW7JOZkfTvwhI6ZNJltD+P/6dwBsubnYC8ajHcGePSiCtrZi
ZLsZefk8mv/7X7adcRbZd9zBmP8+hzgjhD7/gHDlWiKbt6Jt7WB3dD2Me6gdJ/EO8u5TnhoOxXLX
eDtQftqZXh2lCFjqL/DcMYhQk6vMeHM9va6geHw/YFGm6DzgZneN95vdgc6sW+VqVE8Divz5nlhz
r9McagKaAXJqKutyfJXzUf5pHVRzRRxTvFGQrYAd6TEKXkCptcArEb+fR5BJ1kCu0mHKJ+gv8BwC
LAGqgYO7A531zu6z2Jkd4RF/gWduHPdEvUUanPQ8hOtJIKgwrtvn9THZ+Jv6cH10uhU2InRnwX6r
T1oRM3u22+fd4q7xfh/lOfN8DflFov0x0JQhjzCMaKfDCX6JjSoUwRUN0NjUzqatZlzr2eceTP5e
BXz+5hraN28gao1/d9UqnpZDONt1GtG0FMZ8y/QdRxvrCW/ZjLjsPRsRiSJpqQSWLCX1zDPJOOQQ
Gp99hi2HHY3riNmM37SO7NtvJ+38M7HluolsriG0eiXa1oE4XUNzUKqCYUBU0bZAouyvGXhwuLrY
XeN9XZAfKub/EFKBq4GV/nzPfH++x5GAkl6G4AceEZUMRS/qw693DDAfWA/8sZ+il2MGyWfFdKXD
Ahy7iBjdunmpmueEFPrzPQXdBq+AGta/jW590AhciJLoAoM75sCfJrfP2zZkoMv3GCgLrLb93O3z
Rnt9uM+7COExqwo/izPc7DvMNe1xUMZqlAtR3RLXRWYeKdFX6nCXZfrapeeAdYk5czqB7uPmFUVR
1Rx/vsc17GC3dvG8f0MCL3AQqLUrTN/eqpGa6qCxsZ27//IaAIcdkE9F+RXc/NsTKDn5YFIzsnn4
hUo6ohHoWMdn+x7FtuWbcHzLDFVp+PXvCK9ehzF6tMXGtAvYGaPdtL+1lJb7H2DM88+TWjCJ1neX
sDHPQ9Ntd5J+4YW4//UAuas/YVzF22RdNY/I5g2EazeBy7ljREl/U4UIWPuEEcyDukNhwhs3mkBs
JPR6/5hXVVE7nP2e46v8G8IRCG+K7mjFGKAM4XV/vqc/xnOmIA8hPKzmvulv9toLovPNLYTysLvG
6+8HiNcBZ4pIVYx/yUoSqxpnP3Zn8GStiBVYv6P3VdQ6G0ZEInF8ZKvdNd6EUmUpmiM7YkKHLZnh
GQgHAssS8ZGiPGoNuOP8+Z45PYaaCTqKFam1A1CFbISPeywYSOcQlb72f5plSmfSXo0zfWt8402s
egh17hpvYNjBzpI/7CoX3JBs4oRuVdAo6kqn2DOWhx9eSuk1D1Nf34I7O5Wf/uBAXn3+p9x3/9Uc
d2g+jz14IdtXXs9tF0/lz//+jCUV2wAIffoRSguGw9XzKYKZjXh0AXVXlhLZvIXcVcvInn8VGoxQ
938/YVPhvmw59Gjqf3w9RMKMvPNWxn36HmoECK+tRlwpqEZ71l9NdioOB5KSinYEiFSvI7p1G6ig
USW0zsuI315H2qVnE9mwAez2viaDbQmz9YEyPJ/3LbfPe6Si5wCfxbThcIS3rBXNeIxkNspsYLHb
530JpQo4qK6g+Pg416aj7G39uSJB5hnO8VWGY4Cmr+FyrPWvshyfV+N0oADhTvPXqpMDZSEwvR/2
Kv4CT+dM0BoDEKl1BcXOofa/iMy2WrQ8wevfALZY9+wbB5ABOtw13vaY9s8A7iBeCrjYfe7Sj5Jq
v4wl2v0qQU62Pvljon0yYLBbu3jefwWe4wsQGUbbdscpnZEwYXsKxpjxTCsezYI7n+Kcc+/i4Yff
5oMP1tLRETbHXKADCQZx56RzcsleXHHaZG64cRGvf1jL2Jeex7nvvgRXf4a4Unu+rGjEPCi7I0zr
048TXPYx9qmTGf34vaSffBqIjVDFalru/Au1+x/O5lmHICkuxi4tR412Ipu3Iq60nqPCaTG36g1E
qtZjHzcO51EHgREm4qshVLmC1FNPIuun1xPdtI1oRwvdLbNuJf4lr6qiale+Q3eN90lgJsIdMTv6
8hDu7uWWcxAey/FV+qxB3WlinxDn2jxgjOXbaxhUBXfmoQiLSDQGjH4EnA/82O3z3teLEgZQ7MAv
/AWeX/kLPDcALyOUEJPa3p/vOcRf4HnHX+B5xV/gWeTP9yxBWQQUW3XYHgO6uSjuYej6KVbZCW3/
y/FVNqCst9o2tntbBRClwJ9f/Pu6/OIb6gqKf4fyDMpebp+3vXe9kz7PghWRPl3P5vYngiihGNfF
T4CTgPlun/eJXQZ2ltweS2d3lehQQLKXCURQJBIgkJZDh3sCOeMncP1PTuX8cw/m+WfeY9zYizjv
/Ft45711nHPOHzlqzq9Z9OIy9pk+jl9ffRSXzXucta1p5L76PDIulfDGDUhKWpwHRrCn5hD5ZA32
Ubk03Ho726+4Cm1sxZafh60gF8e0vXF4ZhBa/jkbi4vR7dvIffcNItEmQpVec+GiczA4XUS8a4ls
3YLzsAOQ0ZkEa73k3LuQ8XUbyfrJPCIESD3rJEIrV9LxvzewZY9FI72eVLZWhmGjeoIsL+T2eX+M
ci47jwc91F/gOb0b2xmFMF+go67Ac7Y/3zNfxWQGqvodf4FnfA+/kGBYL9wY0kAT8oAb6wqK7/Ln
e9ag3I1witvnvaMPRmJYdatGWQUsF5GPUAJA7KDYC8hDcaGMAMYg+FHzjBcR2YzSbNWjEGHiEBcm
RFGXpQwDOY2qvtcJQUGFAKKVKvqZop8irOxVTaUTp7SXdG3dmHUcv43pIVIQpiLc6s/3LPQXeCpV
9JeKHuKu8S4cSL8MaoBULZ63BLh3WFx2+kWDpEBUsdsEnz/ErP0LOe64fQli8PQbG2lsClHfqHzj
2P3ApryxdCnfPPdO3nvPy9wji/DkZ3D+6X+G0QXkP/Evoo2biDb4zdXU2DqEQhh5+bQ+/xyhtVXk
ffoxkpVB65vlRNb70HDEfI9OO44Z+2HLHM+WuccTeP8Dct9+DcfMSYRWrzbNVpeL0KoVOA6azrhP
32LM4hfI27Ca7LI7qPvxdQSXLSPrpl+Tv+4zUkrm0njTH4jUb8MYOQKivc5Jv82tqmgfrj73F3gK
/Pme+/wFnpl9sLwngF/FzPp7d7ukBKhXJRPkNIRDLfZTC2TTc29LE0qTxRxGD9G526qqr6vq24Db
+mxCP6aCEyUsIg+7a7xPun3ep3J8ldch/ANhpMXqBPiX2+ed6K7xHuWu8R7hrvFOc/u83+40CXN8
lSswM4JbTFMHHM9aV1Cc4c/3XOYv8GS7fV5FabBY06jEu0HSLea9Pa5CK1vcPu8Dbp/3326f90mU
K4BX/fmetD4mhH6CJaQ/cwygAeV/CB+hjEbJQjlgoH1kDGF8/w7Y0r0/ZBADTfpq564I2BNBDBvh
LRuYMMrsgpeWVLHinTpwjsaw2TDsQmTsdFLHH0CgZR3Pv2CmeTvl5L354M1VXP/bV2D2XLJ/ewPB
TWvi81wbGGmj8F9wCdGajeRXrmHMA/djm1ZAZONGwqtXE6pcS6R2G7bx47GPL6bu+z+k+daF5Nx7
N2kXnUG0sZFw9QZSj5vL6JeeIbJtC02/uIGG+dcS3VhL2lmn0770NVruu5/2B5/Anj+BUf96mMz5
3yOysaa3RYr/5lVVPDTMM0yKiJwJzO3nuic7GYSqpnQb+DcK8l93jfd7Ob7Ki90+70Vun/c7wP9Z
ju7Lu4HnRkF81s37JwTK+R57XUFxRl1BsdGtXo1AubvG+zhwijXu7q7LL57WR3FRBLsFxLHyc2Cl
VUd113jD/Q9JWRRj0l1el1+cMrDu1ysQfte5ICQin1gryXsn2C8ZVpA1wKe9XJbmL/Ckx/Y/8Eug
vQ/OoyKi/YBsfN/dzs9qEV51+7z3A9+yvr25rv+FruEBu7WL53U2tAub0kHgk/blt5TBFdLnaqYI
GgkxMtWgYsVWwuEoZx1bzPzr54KtnfaWBvwNAerX19G+McQPrriA3/zCtLhe/2AjTJrAXXcv5eGn
lpP569+QdsKxhKpWIimpXSsSDmMfn4dGDDYfNZfAm2+SevZZjHtnKePefYnsv91GxjWX4phRgDY1
IqlpOKYcRMuDj+C/4PvY3DkY2VmIw4Fj+hS2nX4+mw8/gsbf30bdwttpeeAfpJ16Ilnfu5SGu+6i
7obfsPWI49hy4JG0PfIstvz8eMyuBfj1LvDNVQIulBP7UWo/OyP9N8co29GqalfV2+K82yWKtgFz
/PndmKOwSE06dK4/3zMugapeq+gvc3yV0ZhFAQRxduqDu8b7DsLfLLPyuj5HnPZcbHT7vBG3zxv1
F3j29xd4ihJ1DSn6rlUfj6I/HuAruBClJaemstMUfd36vbc/33NiAvfPRchDeA9haa/sQ3u894i7
xqv+fM8h/nzPmJjeCVr3uYDUXtVW+ziTYKcSp6HmIoi7xvsCwhMIIxC58otidqxdPO9eGYa0QMO3
mpG4hMJRxufl8OnyDfz2lhcBKPv9sWyquoMFC37AqBFObv7FN7j258czefIEwuEw/160imdfWc1k
zyhc7nSu+8UiNnTAmAf/jqS4iG7fhtidXUE1GMBRUEi0rongio9p/Okv2TTjANqe/R+RtTXQ0Azt
QXMhIRKGaAjH1OlEtzbS+uAzEBVs+eNofegZQu+vwDn5AFTsZP/4WnI/eh//9f9Hww034prkweZw
E1q+mtDKSqKtHdZKbI/p59a8qopdlY34A+BYf77n4D4YyDSESQiNwH9juupiEezuGu+qOEC6DjN4
FeCibspyN8p6hFzgh/2wl5EIvwJ6BNeqaLTbGCqz6nupP99zfJ8OJ+1Vj+6FxBhnjq9SUS4XtY6x
FH7jz/ccl6AL4XzMFdSnY8p7G6FzN8Q1CRRTav2+0e3rxkS1S4ZXI44JXQDcB10WNrYA682te9rX
GTZbtH96FN0RamLWp3MF9hp/vuegLwTsrIntml4dm0PHpEHjXZ8MUxXEIJSaRWF+Jjf96hHOPPvP
vPXmakQMpk8bT3N9IwcfXMAf/98p7L9PLt8ouZ2Lr3qG0XkjsImQN8nNluZ2rvnhv2DsRMbd9XtC
W7xoKNwzmFcjGCkjCLz8FiNv/B2Smcq23/2Spj/8kbaHniG8wQ+pqWAz/YmEQhjZ2dhG50A0igaC
GNkjsE2cQLSlBVtmGtl/+iOBJUtp+vv9aEsA29hcxObEyB2DLT8PIyPNSjvVheO+nldVceMufAUv
WC/iQX+BZ684YJMC3CgIovILd413Q6eyqHK2KvN6fbcq91pln+cv8GTHAOF24DwgiHCDP99zVR/1
+wlKiiBLYwZKu8VYjFj/kdvnXQH8wWJ3f/bne0Z0G/h2zIDYEPRc8fTney4UZF8GkPnZXeNdpuhR
QCXgRHjRX+C5th+gOwd4yKrnf7p9PR/hTYRj/QWee/qYBO5COBbl6jj7gGMVqtVd422Ow87miUi6
iKyOaUs9QrnlfvhRL8/NjrEO44X+BDsDmWMDjt013veBhRZI/qOuoHjEF4Y9RXMXzgMzWnswAPWl
HAktQtRmx9laj/fDlVx39fFce81JnH3uLUTCYe664wp+dePj7HvI3tzyq1N44rkVnPuDJ5gwZTR2
m4EYgmEIlR/XcN/d53Hpufuw5aDDCHy4EsfUadAlG4qC2gitX0nOvX8h47uXUPeDH9By7wOIpmKM
zIa0NIwUl7WEpXG3e4ndSXD1p2Re9yOyb7udLcceS+jNj7HnTkDtlt8jGu1t50QAOCivqmL5rupS
y4x8GTNLryI8aQFgA8p+wE8AhyDfyampfMxS1gMEuUNVjwLuE5HnVPVld83ODfR1BcWHquqlCBdb
ALME5QZ3jff1ndd4pqkZ3zYXqED4hyDvKSooMxAut5za97trvN+zyj1MVa+10p4jIgtU9S53jddr
1c0JPASch1IN/NZd4/1HXX5xkYr+ErjEer0vIbwrSDNouipHAscC/3DXeL87iH7MAK60sqnkAE2K
Po7yPuY2rDRRmaqiFwP5FtA9Dlzo9nm7BzinA38FLkLZYjHWN63JYRZwGTAeuNzt65lpxZ/vOQQz
U/JJgnQo+gywwkoL7waOQTgYuNbt897e7d5cEXkGOETRj1H+DKwWkZHAgYoejvKZIAeq6AFAntvn
bbEWdY6wWPixVvvuAu7q3GPrL/CMBJ5C+YaIVKvqT/rLFDNsRKto7sJ/YcYlDSvY7TIwVEVsNupa
wqQ1beOT139MbX2I/aZfxz775vHiCz/ngnNv4I03V/DAo7fw3Qv2Y9ap97GiahsTckcQiSoOp431
vnpyM1NY9t7VZL72Er6Tz8U+tghxSNeK22xEtm8nGqhj7Csv4jpsNsGP3qd54T0EXn+T6KZ6wEBS
U5HsTMTu6OpvE4NoexuR2nXkfvIB0Ug7Ww44EmfxvmigHVVFUlx9rb5em1dVcfuunkMsRT0bOFtg
gprbxUIofhFZquiC2JRN/nzPKQhzULzABBHZDNyf46tsjQG7k1T1aIRqzKUgD7DM7fM+HOf5cyxQ
nChIwJr9XSjbgP8Az3YCqb/Ac7YgM1E2IKQAuYq+6PZ5l3Yz005S1WOBjSLyJ1U9EuEEzJTpEWCS
BQQdKCkII60sKP9013g/G2xf1hUUj1TVU0XkREUnARlAKkoIoQWlGXNH0yKE9/raElaXX3wwwmWK
TrH8aa0I7SgVCPe7fd5tvTDHbwkyXdH1mMHDBdZzQ1Y6rCxgO8Lf3T7v5l7Y/PcQTgOyULYhbAaq
gJfcPu+yuvzi6QjHAX/N8VV2+PM9BvAtESkGNqpqCsJogZdyfN63YurmRDkFOEpEqnJ8lWVfFNjl
AW9DzxihPrOSfGkMUMHupHHTZlIba1n56S28ubyRk+eUsveBU1j00k1c9J17eWPRv7ij7CdcPf8U
Djz9Pj5ds42JeSOIWhtZ7DaDyo9r+Mn1x3LrT+fg/+aZtP63HGfx3migrUsXiyuFyLYtROprySyd
T9a112Abn0e0zk/Yt57QqjWEV68i+O77hFauR2xO07RVRZwugp9XkHbWqYx66km2lpxIx5J3cO41
ZWdOvd476Km8qoqzv2jyXJdfLAhpQCTHV9nxRT/fUhpx13j3iFO+/AUeu5X3LTSU/vQXeGwo6q7x
Rr+EdyLuGu+XY8wNZ2FFcxeeyhe0u2Lo4Kio3YXUbab64xX86S+lXPPD2dzyhyd45MkPuey67/Cb
G5/j4rmjuGvhZZS/Wc2xFz/CuHFZpKU6dgRK2h02/NtaiLSF+GTlz5j0+Yds2Psw7BOnIi5X13Tt
KDhdROsbiWxei23UOBx774MtPxdjRBbaFiCyuZbw2g3QEQS7bQcD1Y4AIf8Gxn3wNlrXyJZjT8A+
aiLi6ndf/XrgyLyqCh9JScrXWGzDWVj9uhfWZBeeLMDRw0nABptYoN9ybTZchpIRbubZN2pwZufw
k/nHcMnFR9PY0Ma5p0zj2KM8LHp9LaU3vYrNJuTkpBGJ7JwQo1ElKzuNmrV+0tWg5MzDiSz7iI73
PsI+amw3s1IgEkFSXNjc4yAKYe9awss+I/jhMsKr1qDbGsyEoJ17Wu12xHASXPsJWddeTcYFF1J/
9ZWEV1Riz83vy2ztlHPzqio+SQ71pHzdZZcsjhbNXfgCcOJwVVB3YfOjNjsj2rZRs3wFGRMnc+vN
36ajuYnpRVkUTBhDRmYKx55xP++v2MrUA/Npbwn26DW73cBf10aqYbD8/asZ+eQTbDjnQuwTpyB9
bMRHsEBtR+YNkwlaiwzidKEdAQLVFaQeejhj33mLwNtvsWX2ETgK9zW3k/Wd5v1nef+/vTOPj6o6
+/j3zJY9EPYMErhxQVQqtVhfNyTv4NJqaVWwdtG3KrRqMq/vx6VaP21trVat0monwd1SlSpVq7bW
BRljW3csDgIiyGRSFiEEQvZMZjvvH/dOMvtMEpaA5/f55JOZufeee+65z/md53nOOc/j9dylxFxB
YS8sPUmDyw3zaa8odvsOEUwyQlvxBELJgdgAABevSURBVPbkj+NJ17cZXxTg8kt/y38+7+CEU3/D
K8s38Zdll1M8vpi2Nj8mc/L4EAxGKBtVyPZtrTy1dDXMm4dt2nFEdrVkDqIpgWAIgkFkMAAhfXmT
yMsDk5XQlq34fR4Kzz6TcfUrkN1dtFzlRBSORxQUQiTjwvynFdEpKOxjsmuor94BfA/wD+/HF3qI
rmAvstdP2dhRdLQ2Yym1ceS0I7D0bsXz8TrM1jwsVnOc+RpXigAiknC+hb+6PwUEBVWnEelqQZgt
Waabha7dCRMyECS8czfB9WsJfrYWszaO8S8+x7hXlxP6bBM7ZpxIaK0Pa8UUpL8nvWIuWQUsVOKt
oNAP874qeE/jy1vKtHN3AHPjNBmxt+mKIfn1ImYLhcEuurZtY5eljKsvO4PuYD7bmrto3d3BfXdd
xEN/+piX3Ruxl5cSSUN4CD38xs4trcz9zslMHGehY+kLiNKRKfVTIaWuwUkIb/uccNNmIh0tWCoO
o3D++ZQtvpuRt92GqWw0rdfdxJ6FVxHpDGA94ghkKGNa0hbgXHuD53Ml3goKCVyxL3F4Vd1dEn48
KLLL4fyh+vSk2YIpFCB/5ybWtZYw/2tf4nHXXFatbaKnrY1X/rmV3z+9mgkTirFZzWnD1QgBvcEw
W327Wbb0Ci6aNZ7PK2ZAdy9iTFl8omwhwGIlsuNzwq3bsR45jcL5F1Bw3jnYTj4JMNH7ztt0PvAI
3U+9iAz5sUycgiguhnAw2wNfaPd6/qJEW0FhP5ixsfDWV98I/HFQ1JrD+TkTXZoTRThExFpApGwi
I/xNfL5pE68t/4Q3lnsoHz+CTVvbCQaCFBRYiEQyxOWSUGCzgtnEW+//B7BRcKxGpKMNIcx9JwmL
BRmOEPj0Q0xjyxj/rzco37iGEbf/Egry2XP9zWyf9iWaTp1N9xPPYi63Yzt2BqIgH4KBDCnUAH3h
sCI6BYUDQXYGfgj8c5/fJXt459SHgn56SsYRKSnj2upZ/POd9Wzf6eeOulX89NpZTBxXTHtHb9b8
NSazwGazsGGtnhyq6JipyIC/r2LCYkWGIgR9qyl1/i/lGz/GbJ9I6003sf3oE2g6qYqORfcR3rwL
S8XRWI8+BlGQh+zpziV94uL9sUNCQeFghWV/3KShvjpQWVV3MfoOiykDMVMHZLaKwZm40mTB3NuJ
KRykuTePdlFK0N9Kb1cPTbt7CEswpSGa2N0hUkqs+Ra2bG+nEyg+vEL/PRQGkz4B0du4mlF330np
9TfSsvCHdDzyCJCHZeR4LIdpfQuJkVKfoY2avZlb5c92r6f6QArS0dNvsqIH1yxB34fbFywjusFe
JuVMESnGK2lMG/X/J+ZT/HXR2NPRd91/v1T3Tr5f+jKT6xT9nP7M5NLif4mtQ3+Zic8is9Q5Vb1E
2vZLLCdT+anbLL2mkOn9ihR1Sveu0/+e7l2I2PaXQJFENmxYc5fngJOdQXjbK2fXzQdWIBgx2HJk
BrIZnIkrwWzG5O/CVlTAfUve5eYfnkFJQQW7mlr47aMr6egNUl6aTySHxE82m4XWzh66geLJE/UX
Ewggioro/ewjRlx3PcWXL2RbpUbQ10hexXRESQkyFIBQUA/zNLAR4HXgkmEwcJYB96InmmkhRbcX
GQVXxuUrEHHdTPb9Ek3RGHtUpOhgIgc/iDRKFAm/JXYzkYLSREx94usr0o7j8c+SbvBMptUUHTyt
viAymDK5DDbxJYiMA1Hi8f4WiSfbdISaXH5MrpiYNyPS1lkCQgJjBOJxooEZDjTZATS8Wf1hZVXd
d9E3ZFtj692nhe2DGdvMzCkgEiJszWfsqGIaN25m0YNufnX9WSx51cf765uZUl5ihMLPQqpGsJJI
RBIGGDlOL99iIbR9G/mnVFH6f06aZs0i5Gsmf9p/QSiI9HfHPPiApls2Ad+zez2BYUB2eyTyUiSF
CD05Sn/HIElrSSan1NqBTOiG8efFk0Cy7hWvAck4WUut+cUek2npIL7e0hCOVGQbT9AiTkskDWkl
DgIk1DEVkSQ+TzbTSSbog4kEnE5ry6Z5ppLi5GcXMS1M0uDRf72IG1xS100CWEE0DQszNkHDe7my
qu479AdjjBdWMQi+GiyiqTrDYTBbCOSNYNK4AM1NLbzwxiYam3s4bHyRHjkpjVYnU/KnkQOmp1N/
dZEIMhCg5JoFtP7iFwQ3biHv2OOR/q44/QEpB9IG2wR8q9zraR4O/pBP19wZBDwoKAxTmA7ETRvq
q58jGlV2iFsk9ooSKPQUi2GLjVBeMYWjyli/pYuiPBNIkXEWNq4OAsJhic1i1tOXt+1GIAg3t5D/
1ZkEvRvoef7v2KZMNbS5QT/XLuCCcq9nnRJhBYVhTHYG4T0E/Hi/maw5EJ6IhPSlIZho2NJCIBjO
Pjcg482jSDhCYb4FG8CuPUAIc9lIpAzQ/eRLiPzRQCi1T0mIHCYj6AW+afd6PlDiq6BwEJCdQXh3
A7cM2e22tyAjRMxWIhYbRfnmjAl8U6lgEggEwowZVUgBEN7aonsrSgoJ+XZAew+mogJkJHvU/QzH
v2v3et5RoqugcBCRnUF4t6In3d7PzJZZy5NycDcLBsOMHV2EBeht2WVsZ9Nj0pFnyyUkUyZcphYN
KygMDpbhUImG+urrKqvqioAfZYxqnCWfrhzA7xmPD5LopIRIWDJ6gp4PJrRlG8Jm0+9iGoy9Hjdn
dpnd61miRHbfQnO4itETbgeAHT63M6xaRZHd3ia8Kyur6szoCUD2K9IS4gCWwQhDqyMcYcZ0OwB+
33aEtQA5aJW07+ZXfZGJTnO4RiBEMSCRss3ndnbldI2e4V4i5R6f2+lPOF4JXAg853M7Y1MrLjQs
jY+Br6PnmRhu7VECYiTILp/b2ZLl3CL0NZA9Prdz9xDva0Nf09npczuXDfj6ObWXIKVAiKW+FTX7
fRAxDaeX2FBfvVDCo3KAdJBJe5Ppvhi5FgeT1Dud6RsIhcEkmDyxFGQ7odY2RFHhUE3XGrvX88AX
fFB+BH1N4TbgVzl0Sgt6Tlofeo5YZ0KnGwW8hBC/AV7SHK5RMS8ymvF+zHDrHzG4B9gMPKE5XHlZ
zv0xsAVYrg8AQ8IvjXfxtOZwXTlAorwBKR9H3yd/w4FotGH3MhvqqxcAfxiIoZczWYkULJmJHQdo
efb2hBlVnIdWUQbv/xu5azeiuCghD8WAcLXd66n7YpuVtVYQk5Ey33AvXKw5XJOzXPYt4HSQNqTM
Rwh7gr+hFLAb5U2U+ha36MFoRNQIENrLGtlIzeEavxeKGmEIalkOfThKcOOG3N+FmBDzrSKV5qc5
XFpKAhZiUkz7T1Bk1094l6NnGM+Zu/aqTTtIdPmDTJo8iqkT8gi+7yEc6AbroD0F19i9nvuVp0UK
kDbjSxAoB07NctFFxn9/Kjn3uZ2N6Os8XwcWNLqd/8lmFAyJ5ObUFmpzam8HPgd+sBeK7DAq12u0
SSZEF3R25HBullchb5LwDFAH3JlAdOcAH6LvjipMcfWthlb4hKEh7ndYhquIN9RXL6isqgO4ok/0
RG7SKKTeRfYlEk1nIcDf1cuMYydgBVo+WAMRUxKH5tiDFti9nkdRAIEFyTj0MP9voO9/nA/8KY32
dCTwTcN8fVlCjdCTOZNAeMuAZdlcE3uHr+VoQ44L2DvRu01Z7JNU55qGqh/43M6mmIEkEfMQYjqS
d2MItv/aFTW7OMDRsy3DWc4NwvMD1ZnSoibtxRNDJ69czOd+WTbuGYpw/NHlugry6QbMhaUDMmGN
HX8LJno/UkTX/zJHgRwD7ECIvyLlxcBczeHSfG6nL8UV5wA24ElguyEKY1OQYoVu2omdPnfN5tQc
JdOZo1bgRPSgB3lAO/BWYn00h8uE7vurAKRBnqMNH+FkYLfP7dw8BANkyGxsuARmShgrdD1hq4B/
+NzO9lRmOKChz1Q3+NzOHm1O7RjAgpRh3S0gioHDtTm1PUhZIuGzRrezx5go0QALQnh9K2o6lBmb
THg1wKJB2xQyXkD2hcJnEuD3hygdXUjVWceBZyVB73rEiKK+ZSw5+BYjAn6giC7pBZYBVoQoRJ+k
eN+Q2wuSO2OtDcTFxtuO1dqKUxRcC6wEWTcQj4bmcJ2JHqrsbeBho5zHgQ2aw/VIgk9utGHavQVE
/VQ/A3YDq4BHDUIcrA8tjBBZxEpE0pDcFM3hik7iPCvgfmCx0PM+r9YcrrNTXPZ1o94rgeOMEeFn
SLkdPWYlIKeDXIeUDcBqIcRXjWtPQt87/RFSnqF8dukJ7/qUdr7MYBrK5CGwj3CG6o1JuN5qM7N7
VzdTp4xixmF5BN5aSaStC5FfkGuJEeB8u9fzR0VuSU1danQqs5Ryk9R9QhimbMK5cgbIU4A2n7vm
kxiTsTCJVPrCR2fIwyKSCOJKYDkwE1iNED9FiKuBpUBEwhUS3tccruiESAB4E1iJEH4jTuE64Hng
30bnH7w0ShlEyixT/TKdn64COM8g41vRfZg3GwPKFOB5zeGamfAuRAqTeIPxjNHlO23AK0Y7vYWU
LUm6hhAHhHcsB4vQN9RX/6Kyqq4Dfdo9uxKfyb8nsvJXTjZErGrnb/dzzuypAHQufxUhCsBqM+LT
ZUQ7+hawvytqS9nU0ZnSYKPb6dccruie4Jmaw3Wyz+18N+bcS42Pz8QMIqA7zAuBzpiie2MIKZ0J
Has1VoH8vfH1CeAHvhU10fLv1xyuZ4DnDPO0Djjf53a2AZdqDtdopFxpmHG1PrfzAc3hEoYfbChD
74nAa5rDJdOQdi8wNY2IfwCcAnxi1DNK6I8B7xp1XWiQIQntiTQ++9zOxcBizeH6NfATYC0w1+d2
hjSHS8Q8XziGpA/IQm3TwST4DfXVi4CrUvKO3M+VMe5nNgs62nrBZmbuxSdByza633gP05jRudjM
LcAcRXQZETVBezSHK98gt7WAWepmVbSTFhiaCuhr7GI7ZwGQn4OVCjEx9OJFStYAVsAL3OBzO+M0
Kp/b+aKAuw0L4luawzU7RlSsxrV9mqTP7ZRDJDrQl57MAc4E/jvF39eAylQX+txOv8/tfDeW6Izf
mwzzHAlVUxyustQNljR7EyVbW1SJSni+Ax7yw3KwSX5DffUDlVV1u4GnDIE/ME3Zp9CbaGpqZ/aM
icwstxJ57G9EulqxHabp0YczPIphun6s+Cwjogt+u9AnA/yGD+w4AV/THK47jR0VFxta1Qb0WVvo
nxUsQogi9NBYUe0i7SgmEmhPm1NbiZSzjJ+XGYSQCo8ANwgwI8R5hnmH0InAtA8k9RPDBJVpyLwF
+B/0nSJp76s5XMeih9Q/ytCAj9HpTJQYbZ5hSEjqEeZsSpRUZDcgwnumsqouiD7jVjQYntpbDR4O
hAm19/KN82cA0PzYnxH5pWAW+qqmpLQHEoRYB5xn93oaFZflQHZCgJTtMabnX4Arga8A04H3gLOM
Y6/43M6ouRr12ZUi5VB2D4xFn1UF+CyLpr4RmAaM3x9dIdu2LW1O7ZeQMiXZaQ7XqcAdEk4XKQhJ
7N+44cqMzUB4LwBno89spRwyxT4eWYQQ7G7tZnLFSL47/8uw6h2Cqz1Yxk1E9vamroAQ/wI5SxFd
zigxtLDY/a0rEGwwPp+gOVylhixA/Nq5nphBvXBgKnvcAGVK4etLOfYRXbgr5f4giRJjGUwGNUqW
pBJ7zeE619CQTxewTkI14ABxOIibRfS5Bxv+J0OzHij2NB3MvaChvvptoAp9BikuF8S+VpellNhs
ZtqaOznbcRQTCqDl/ieIdHZBgS2dmfQscJbdu7pFcVjOKDX+d8b4lSSIaFj/meiO+jJgpc/tfC/m
2tiAATlOjfenfYknTRExfqvIcPFIhNCMz7vSdPe9KJaDW0ylBxLgXuPrC8CMRrdzsc/tfMPnrmmg
f2Z1sKF6ho/teqiQnUF4awx/w8qUjSoHJjo52/8WM51dAawFeVxd44C2nfQsfxVT2QR9IXHy6vsl
wLftXo8fhYGgOJHsDLxktPFs+jf6L0k4pyOG8AqHUIdPQP7bEKYzM5x3Fv2zx28k9DNzjPaXjoRs
msM1Iau2NnR8BTjC+LzI53YmLBmQ9lS9J0tXssRovsFhyHUHP9kZhLcDffbpb0mD3QAYbCAvxGwx
sWVTM5eeO43jJxXQ43qI8OZGzGPGptLqbrd7PZfZvZ4ICgPFmDRk50Ff3Kuhbw/rQV/fFYvuflNW
5Kd+3yKrAuZzOwOIvkXKDs3hujEFUR0D3GH4ZN9LqEsP+hIjZGze5PjrfwfsQZ8JFblL7KBoxBbz
hJMT6jEC3R+KQVq5zgFGCfNw9KADg1Yk9hUsh0qPaKiv7gTmVlbVPSDgR/tyJDGZTLTu7ibPaubq
G86BUCctdQ9hHl2BMJuRkbjBu9ru9SxWnDVojEtFdr4VNX7N4XoNfa0YEpY1Jm8f8/eTHaMSmUKk
NgVS9kvfippFmsN1ukGsd2oO12Houw7adV8XvzaI2Q9U+9zOYAxZ7tIcrk+BIwRUaw7XHvSwS9t9
bme95qidBPIiQ/vc6nM7Azmw3CBM3j6sMu4/Cbhbc7ha0dfdnQj8Bn1WNtt9Eo9F1zuOB36nOVxP
G66Dv/rczo4EL9MB4T7TodYzGuqrr0Sfjs8c5E4OTGz6xnsJJjPsaNzNd+Z9mRMm5tP+63sI7diJ
eawdGeyT0yB6YhxFdIOEETVYn0UVInkvpRCvRk0moa/YT6VthPTXLBN9bdGFkKPSKABWkpdzzKM/
Gk8NsM4gjSWAHVgNnOpbUbMqRV3vNepSjB4xZCl9SZ3lYcb1IeCxHPS56ExvUVRLywBjFlqOAZkX
JV/0HRMhCeUSXgJ2An83OGGBTuJiUmxYJ9l/LxMJPlCf2/k88KrxdT76AusnjeeKuhFMB1LJshyK
ncRbX31LZVXdFgQPZiX0gZi5EixWE7t2dTN6TDE/v/FMaNpKR93DWEaXIyN9g7kXmGf3elQe1aEh
gu5IP9LoiIna1geao3YeyEL05SiJpNAu4HaEmCakdCccrgX5HkJ8mPD7cvRJkUZiZvqNDh0CFmgO
1x+Ab0rBsUKSJ8Er4DXg5cSIyDF1dWsO1ymGiTjJ0FSfNg5/Oaod+dzOlVkHXiEeRsoNBrlm8wH/
GX1JzFZ0H2b0WV7RHK4TgQUSpiJEEClXAA9K3fwvFcjRSFpjyloJ3Ia+Jawhxb3mAdcBJwNhhFgL
7DCOrQduAgqEEGsOhDCJQ7mnVM6um4Pg2f7RLfdGSZfPwlJgZcMHm7n9J3O4+dozaHU6aautJe+o
E/VFxEKsMjS6rYqrFHLUYJ8xiOL7PrdzqWoRZcYO3KR9s3qF4dNZk43cRA4OEWu+hc2f7mTm9HKu
v/YMWLOK9roHsdqn6tv9hHgemK2ITiFXTHG4phtEt17qEUcUFNkNkvDqqz8BZqFHpc3kB8l4wGQS
tLV0E+zs5e57LsQGNF17PdiKMY0og0h4kd3rucDu9XQosVIYgBVRBuJpYF6j7shXUGbsEE3aqjob
cD+Sywfy1MJIymPNN7Phgy1cU30a9956Du2/vYc9192M7agZISKhq+2bPnpYiZOCgiK74UN6s+uu
AX6HyP3Z8wutbFq3g68cMZa3Xr8S04a1bDmlCiGLWsxjR19g37jqH0qUFBSUGTu8zNo3q+8TcC76
jFJWWG1mmnd0gD/Ew0suwQRsX3glsqXLY5kw4XRFdAoKiuyGLbxvVr8CnIaeCDmlw05KPVZdV2eA
5k+bWXzfhRw7sYjWm28i8K+3n7FNm3Fi+fr3P1EipKCgzNjhb9JW1ZWiR52dmzQKmAQmq4mNbzdy
bfVpLLrjXLqffZam+fN/XplDomYFBQVFdsOR9G4BftHXKAJseVbWf7iZuY6jePGpS8C3qWvzzJOu
mNzSsky1mIKCMmMPSjTUV/8SuABJl5ACq83C+pWbOW76RJYu+T7AntYHHzhVEZ2CgsIhgcOr6o6f
es6Dq0zlt8ipp9wnN29rlVLKbimlQ7WOgoLCIYWSw28zHzPj7tebW3uklDIipfyGahUFBYVDErtb
ukdJKZdJKX+kWkNBQUFBQUFBQUFBQUFBQUFBQUFBQUFBQUFBQUFBQUFBQUFBQeELjf8HxwZ0q+8B
vmMAAAAASUVORK5CYII=
"
